{"cameraMode":{"drawMode":0,"name":"Shaded","section":"Shading Mode"},"sceneLighting":false,"audioPlay":false,"sceneViewState":{"showFog":true,"showMaterialUpdate":false,"showSkybox":true,"showFlares":true,"showImageEffects":true,"showParticleSystems":true},"in2DMode":false,"pivot":{"x":1.269622564315796,"y":0.0791618824005127,"z":-0.35040855407714846},"rotation":{"x":0.20871511101722718,"y":-0.4001282751560211,"z":0.09410956501960755,"w":0.8874000310897827},"size":11.69632625579834,"orthographic":false}